No.,rigName,dimension,translateX,translateX_value,translateY,translateY_value,translateZ,translateZ_value,rotate_00,rotate_00_value,rotate_01,rotate_01_value,rotate_02,rotate_02_value,rotate_10,rotate_10_value,rotate_11,rotate_11_value,rotate_12,rotate_12_value,rotate_20,rotate_20_value,rotate_21,rotate_21_value,rotate_22,rotate_22_value
0,arm_L_arm_ik_ctrl,12,translateX,34.44219,translateY,25.79544,translateZ,-7.94284,rotate_00,0.8247740148134031,rotate_01,-0.5610149219623906,rotate_02,-0.07078193148052153,rotate_10,-0.026940318015927164,rotate_11,0.0860475205490112,rotate_12,-0.9959267259555634,rotate_20,0.5648203641457885,rotate_21,0.8233213719702048,rotate_22,0.05585583857859944
1,arm_L_arm_ik_pv_ctrl,3,translateX,-36.56358,translateY,34.74337,translateZ,26.37746
0,arm_L_arm_ik_ctrl,12,translateX,-36.56358,translateY,34.74337,translateZ,26.37746,rotate_00,0.9496727157613256,rotate_01,-0.311928339395398,rotate_02,0.028678284825594376,rotate_10,0.03716958634196022,rotate_11,0.021309353196372838,rotate_12,-0.999081745062695,rotate_20,0.31103079395724803,rotate_21,0.9498666340852182,rotate_22,0.03183115866477815
1,arm_L_arm_ik_pv_ctrl,3,translateX,45.60343,translateY,44.78275,translateZ,-44.34486
0,arm_L_arm_ik_ctrl,12,translateX,45.60343,translateY,44.78275,translateZ,-44.34486,rotate_00,-0.04505279436158305,rotate_01,-0.5097499437209811,rotate_02,-0.859142153893446,rotate_10,0.8193568283148783,rotate_11,-0.510863045363449,rotate_12,0.2601409940316316,rotate_20,-0.571510834205263,rotate_21,-0.6922239115766221,rotate_22,0.4406829048506023
1,arm_L_arm_ik_pv_ctrl,3,translateX,-26.20354,translateY,4.42292,translateZ,-13.00448
