No.,jointName,translateX,translateY,translateZ,rotate_00,rotate_01,rotate_02,rotate_10,rotate_11,rotate_12,rotate_20,rotate_21,rotate_22
0,godNode_C_master_ctrl,-15.807295799255371,19.46320152282715,4.084417819976807,0.7460200786590576,0.6174352169036865,-0.19739125669002533,-0.46000322699546814,0.7129406929016113,0.5081881284713745,0.4583042562007904,-0.29611915349960327,0.8243814706802368
0,godNode_C_master_ctrl,-31.72480583190918,-7.0169806480407715,-4.591676235198975,0.7449324131011963,0.648739218711853,0.011462077498435974,-0.5475713014602661,0.6355422735214233,-0.5277113914489746,-0.3556455969810486,0.3876630365848541,0.837235689163208
0,godNode_C_master_ctrl,-3.8148727416992188,35.51218032836914,9.407306671142578,0.5379084348678589,-0.3655901253223419,-0.7481013536453247,0.8226277828216553,0.3402402997016907,0.42757275700569153,0.09830863773822784,-0.8568651676177979,0.4875209629535675
0,godNode_C_master_ctrl,10.338370323181152,7.92610502243042,1.332648515701294,0.8352358341217041,-0.5286260843276978,-0.05230284482240677,0.506240963935852,0.8243510723114014,-0.20251774787902832,0.14739730954170227,0.14208808541297913,0.9666544198989868
0,godNode_C_master_ctrl,37.383201599121094,12.118431091308594,3.514394760131836,0.09809564054012299,0.08878996968269348,0.9793471097946167,-0.7578496932983398,0.6375184059143066,0.01627470552921295,-0.6333315372467041,-0.7526346445083618,0.13180327415466309
0,godNode_C_master_ctrl,11.125173568725586,-37.484825134277344,-12.533706665039062,0.4934861958026886,0.289966344833374,-0.8081820011138916,0.44754496216773987,0.7034217119216919,0.5290882587432861,0.7288602590560913,-0.6329368352890015,0.21860793232917786
