No.,jointName,translateX,translateY,translateZ,rotate_00,rotate_01,rotate_02,rotate_10,rotate_11,rotate_12,rotate_20,rotate_21,rotate_22
0,godNode_C_master_ctrl,-0.41286706924438477,0.1592707633972168,-0.630805492401123,-0.19938325881958008,-0.20101308822631836,-0.21133708953857422,-0.21466302871704102,-0.19980287551879883,-0.20239734649658203,-0.20302867889404297,-0.2125873565673828,-0.19839000701904297
0,godNode_C_master_ctrl,-0.5709924697875977,-0.013513565063476562,-0.14957141876220703,-0.19939708709716797,-0.20061540603637695,-0.20869064331054688,-0.2157731056213379,-0.20078277587890625,-0.21552085876464844,-0.21334123611450195,-0.20392370223999023,-0.1982278823852539
0,godNode_C_master_ctrl,-0.49152612686157227,-0.04127931594848633,-0.5450444221496582,-0.20202064514160156,-0.21346712112426758,-0.21831369400024414,-0.1984119415283203,-0.20452547073364258,-0.20341873168945312,-0.20759010314941406,-0.21969318389892578,-0.20265960693359375
0,godNode_C_master_ctrl,-0.15231609344482422,-0.06086874008178711,-0.15792512893676758,-0.19825172424316406,-0.21553277969360352,-0.20949792861938477,-0.2024211883544922,-0.19839048385620117,-0.21140146255493164,-0.2069687843322754,-0.20703506469726562,-0.19658708572387695
0,godNode_C_master_ctrl,-0.10160493850708008,-0.4814920425415039,-0.630805492401123,-0.20759248733520508,-0.20771121978759766,-0.1964268684387207,-0.21843767166137695,-0.2007589340209961,-0.20862913131713867,-0.21686029434204102,-0.21837139129638672,-0.20716571807861328
0,godNode_C_master_ctrl,-0.14722442626953125,-0.5640439987182617,0.1592707633972168,-0.20258331298828125,-0.20516204833984375,-0.21907520294189453,-0.20316696166992188,-0.19992351531982422,-0.2021317481994629,-0.1996011734008789,-0.21685457229614258,-0.20606660842895508
