No.,jointName,translateX,translateY,translateZ,rotate_00,rotate_01,rotate_02,rotate_10,rotate_11,rotate_12,rotate_20,rotate_21,rotate_22
0,godNode_C_master_anim_bind,-0.5958,23.7427,-9.8636,0.7550478645846191,0.6251836428896734,-0.1976060091429499,-0.46277621993714796,0.7216386375378125,0.5148551709687434,0.4644791625540276,-0.29729293546225893,0.8341918352976982
0,godNode_C_master_anim_bind,-28.8559,15.5679,4.7251,0.7539493147338007,0.6567984866887251,0.013273232305394626,-0.5512045867633297,0.643470401011104,-0.531149081288555,-0.3573988449106953,0.3931432193310851,0.8471744063358448
0,godNode_C_master_anim_bind,-22.5258,13.3553,-26.7891,0.5448690551255261,-0.3674404782231975,-0.7537275421063798,0.8324206676388526,0.34525521758572775,0.4334451139619859,0.10096308659259351,-0.8635892135112271,0.4939839323831866
0,godNode_C_master_anim_bind,4.5063,11.7942,4.0593,0.8451545251764058,-0.5320728893189889,-0.05111036123514558,0.5128886756023162,0.8341610062791781,-0.20278220346522277,0.1505291832594135,0.14516837140042588,0.9778891087092656
0,godNode_C_master_anim_bind,8.5478,-21.7263,-33.6193,0.1007480659715804,0.0913519320837783,0.9907091660560869,-0.7635736137745284,0.6454661498370589,0.01813245051919138,-0.6378127966341641,-0.7583061874461297,0.1347833911527018
0,godNode_C_master_anim_bind,4.9121,-28.3025,29.3332,0.5000079795091288,0.294489051984727,-0.8144128060684799,0.4536140012646347,0.7120248020675797,0.5359617701826428,0.7377169906433542,-0.6374142134450415,0.22243372544277684
