No.,jointName,rotate_00,rotate_01,rotate_02,rotate_10,rotate_11,rotate_12,rotate_20,rotate_21,rotate_22
0,arm_L_elbow_ik_bind,0.9600084762927004,0.0,-0.2799709367883884,0.0,1.0,0.0,0.2799709367883884,0.0,0.9600084762927004
0,arm_L_elbow_ik_bind,0.9997972042046759,0.0,-0.0201382835543053,0.0,1.0,0.0,0.0201382835543053,0.0,0.9997972042046759
0,arm_L_elbow_ik_bind,0.9600084762927004,0.0,-0.2799709367883884,0.0,1.0,0.0,0.2799709367883884,0.0,0.9600084762927004
