No.,jointName,dimension,rotMtx_00,rotMtx_01,rotMtx_02,rotMtx_10,rotMtx_11,rotMtx_12,rotMtx_20,rotMtx_21,rotMtx_22
0,arm_L_elbow_ik_bind,9,1.0,0.0,0.0,0.0,1.0,0.0,0.0,0.0,1.0
1,arm_L_humerus_ik_bind,9,1.0,0.0,0.0,0.0,0.9999999999999929,1.1928983089533862e-07,0.0,-1.1928983089533862e-07,0.9999999999999929
2,arm_L_wirst_ik_bind,9,0.9999999999999988,3.339944168109788e-08,3.1894639651586225e-08,-3.339943817308269e-08,0.9999999999999932,-1.0998760446856437e-07,-3.1894643325110605e-08,1.0998760340330123e-07,0.9999999999999934
0,arm_L_elbow_ik_bind,9,1.0,0.0,0.0,0.0,1.0,0.0,0.0,0.0,1.0
1,arm_L_humerus_ik_bind,9,1.0,0.0,0.0,0.0,0.9999999999999929,1.1928983089533862e-07,0.0,-1.1928983089533862e-07,0.9999999999999929
2,arm_L_wirst_ik_bind,9,0.9999999999999988,3.339944168109788e-08,3.1894639651586225e-08,-3.339943817308269e-08,0.9999999999999932,-1.0998760446856437e-07,-3.1894643325110605e-08,1.0998760340330123e-07,0.9999999999999934
0,arm_L_elbow_ik_bind,9,1.0,0.0,0.0,0.0,1.0,0.0,0.0,0.0,1.0
1,arm_L_humerus_ik_bind,9,1.0,0.0,0.0,0.0,0.9999999999999929,1.1928983089533862e-07,0.0,-1.1928983089533862e-07,0.9999999999999929
2,arm_L_wirst_ik_bind,9,0.9999999999999988,3.339944168109788e-08,3.1894639651586225e-08,-3.339943817308269e-08,0.9999999999999932,-1.0998760446856437e-07,-3.1894643325110605e-08,1.0998760340330123e-07,0.9999999999999934
